<?xml version="1.0" encoding="UTF-8" standalone="yes"?>
<addon id="repository.rfontsv" name="[B]Repo[/B] [COLOR azure][B]RIK[/B] [COLOR limegreen][B]MATRIX[/B][/COLOR]|[COLOR dodgerblue][B]NEXUS[/B][/COLOR]" version="1.0" provider-name="Rik Team">
    <extension point="xbmc.addon.repository" name="RIK Repository">
        <dir>
			<info compressed="false">https://raw.githubusercontent.com/rfontsv/repo/main/zips/addons.xml</info>
            <checksum>https://raw.githubusercontent.com/rfontsv/repo/main/zips/addons.xml.md5</checksum>
            <datadir zip="true">https://raw.githubusercontent.com/rfontsv/repo/main/zips</datadir>
		</dir>
    </extension>
    <extension point="xbmc.addon.metadata">
        <summary>Repo [COLOR azure]RIK[/COLOR] [COLOR limegreen]MATRIX[/COLOR][COLOR azure]|[/COLOR][COLOR dodgerblue]NEXUS[/COLOR]</summary>
        <description>Repositori de complements [COLOR azure]RFONTSV[/COLOR]
[COLOR gold]Developers:[/COLOR] Rik Team</description>
        <disclaimer>Éste repositorio contiene addons válidos para Kodi 19.x MATRIX y 20.x NEXUS.</disclaimer>
        <platform>all</platform>
        <assets>
            <icon>icon.png</icon>
			<fanart>fanart.jpg</fanart>
        </assets>
		<source>https://github.com/rfontsv/repo/</source>
    </extension>
</addon>